[
  {
    "model": "users.user",
    "pk": 1,
    "fields": {
      "password": "pbkdf2_sha256$600000$SjF6lrnsrWCds4ERFIEDeM$ZGlwM40waiRwKcjcjwub3si3mNgaQZGg8/FX7gFyIj4=",
      "last_login": null,
      "is_superuser": false,
      "username": "testuser",
      "first_name": "",
      "last_name": "",
      "email": "test@example.com",
      "is_staff": false,
      "is_active": true,
      "date_joined": "2025-01-01T00:00:00Z",
      "age": "2006-05-14",
      "is_blocked": false,
      "is_customer": true,
      "is_client": false,
      "created_at": "2025-05-10T00:00:00Z",
      "updated_at": "2025-05-10T00:00:00Z"
    }
  },
  {
    "model": "users.user",
    "pk": 2,
    "fields": {
      "password": "pbkdf2_sha256$600000$SjF6lrnsrWCds4ERFIEDeM$ZGlwM40waiRwKcjcjwub3si3mNgaQZGg8/FX7gFyIj4=",
      "last_login": null,
      "is_superuser": false,
      "username": "testuser2",
      "first_name": "",
      "last_name": "",
      "email": "test2@example.com",
      "is_staff": false,
      "is_active": true,
      "date_joined": "2025-01-01T00:00:00Z",
      "age": "2006-05-14",
      "is_blocked": false,
      "is_customer": true,
      "is_client": false,
      "created_at": "2025-05-10T00:00:00Z",
      "updated_at": "2025-05-10T00:00:00Z"
    }
  },
  {
    "model": "users.user",
    "pk": 3,
    "fields": {
      "password": "pbkdf2_sha256$600000$SjF6lrnsrWCds4ERFIEDeM$ZGlwM40waiRwKcjcjwub3si3mNgaQZGg8/FX7gFyIj4=",
      "last_login": null,
      "is_superuser": false,
      "username": "testuser3",
      "first_name": "",
      "last_name": "",
      "email": "test3@example.com",
      "is_staff": false,
      "is_active": true,
      "date_joined": "2025-01-01T00:00:00Z",
      "age": "2006-05-14",
      "is_blocked": false,
      "is_customer": true,
      "is_client": false,
      "created_at": "2025-05-10T00:00:00Z",
      "updated_at": "2025-05-10T00:00:00Z"
    }
  },
  {
    "model": "users.customer",
    "pk": 1,
    "fields": {
      "name": "Иван Иванов",
      "phone": "+375291234567",
      "city": "Минск",
      "address": "ул. Ленина, д. 10",
      "user": 1,
      "created_at": "2025-05-10T00:00:00Z",
      "updated_at": "2025-05-10T00:00:00Z"
    }
  },
  {
    "model": "users.customer",
    "pk": 2,
    "fields": {
      "name": "Алексей Петров",
      "phone": "+375293456789",
      "city": "Гомель",
      "address": "ул. Победы, д. 5",
      "user": 2,
      "created_at": "2025-05-10T00:00:00Z",
      "updated_at": "2025-05-10T00:00:00Z"
    }
  },
  {
    "model": "users.customer",
    "pk": 3,
    "fields": {
      "name": "Марина Смирнова",
      "phone": "+375292345678",
      "city": "Брест",
      "address": "ул. Мира, д. 20",
      "user": 3,
      "created_at": "2025-05-10T00:00:00Z",
      "updated_at": "2025-05-10T00:00:00Z"
    }
  },
  {
    "model": "products.productcategory",
    "pk": 1,
    "fields": {
      "name": "Стол",
      "created_at": "2025-05-10T00:00:00Z",
      "updated_at": "2025-05-10T00:00:00Z"
    }
  },
  {
    "model": "products.productcategory",
    "pk": 2,
    "fields": {
      "name": "Кресло",
      "created_at": "2025-05-10T00:00:00Z",
      "updated_at": "2025-05-10T00:00:00Z"
    }
  },
  {
    "model": "products.productmodel",
    "pk": 1,
    "fields": {
      "name": "Модель A",
      "created_at": "2025-05-10T00:00:00Z",
      "updated_at": "2025-05-10T00:00:00Z"
    }
  },
  {
    "model": "products.productmodel",
    "pk": 2,
    "fields": {
      "name": "Модель B",
      "created_at": "2025-05-10T00:00:00Z",
      "updated_at": "2025-05-10T00:00:00Z"
    }
  },
  {
    "model": "products.product",
    "pk": 1,
    "fields": {
      "name": "Обеденный стол",
      "product_code": 9876,
      "category": 1,
      "model": 1,
      "price": "120.00",
      "is_active": true,
      "created_at": "2025-05-10T00:00:00Z",
      "updated_at": "2025-05-10T00:00:00Z"
    }
  },
  {
    "model": "products.product",
    "pk": 2,
    "fields": {
      "name": "Офисное кресло",
      "product_code": 1234,
      "category": 2,
      "model": 2,
      "price": "150.00",
      "is_active": true,
      "created_at": "2025-05-10T00:00:00Z",
      "updated_at": "2025-05-10T00:00:00Z"
    }
  },
  {
    "model": "products.order",
    "pk": 1,
    "fields": {
      "customer": 1,
      "order_date": "2025-05-10",
      "delivery_date": "2025-05-15",
      "created_at": "2025-05-10T00:00:00Z",
      "updated_at": "2025-05-10T00:00:00Z"
    }
  },
  {
    "model": "products.order",
    "pk": 2,
    "fields": {
      "customer": 2,
      "order_date": "2025-05-11",
      "delivery_date": "2025-05-16",
      "created_at": "2025-05-11T00:00:00Z",
      "updated_at": "2025-05-11T00:00:00Z"
    }
  },
  {
    "model": "products.order",
    "pk": 3,
    "fields": {
      "customer": 3,
      "order_date": "2025-05-12",
      "delivery_date": "2025-05-17",
      "created_at": "2025-05-12T00:00:00Z",
      "updated_at": "2025-05-12T00:00:00Z"
    }
  },
  {
    "model": "products.orderitem",
    "pk": 1,
    "fields": {
      "order": 1,
      "product": 1,
      "quantity": 2,
      "created_at": "2025-05-10T00:00:00Z",
      "updated_at": "2025-05-10T00:00:00Z"
    }
  },
  {
    "model": "products.orderitem",
    "pk": 2,
    "fields": {
      "order": 1,
      "product": 2,
      "quantity": 1,
      "created_at": "2025-05-10T00:00:00Z",
      "updated_at": "2025-05-10T00:00:00Z"
    }
  },
  {
    "model": "products.orderitem",
    "pk": 3,
    "fields": {
      "order": 2,
      "product": 1,
      "quantity": 3,
      "created_at": "2025-05-11T00:00:00Z",
      "updated_at": "2025-05-11T00:00:00Z"
    }
  },
  {
    "model": "products.orderitem",
    "pk": 4,
    "fields": {
      "order": 2,
      "product": 2,
      "quantity": 2,
      "created_at": "2025-05-11T00:00:00Z",
      "updated_at": "2025-05-11T00:00:00Z"
    }
  },
  {
    "model": "products.orderitem",
    "pk": 5,
    "fields": {
      "order": 3,
      "product": 1,
      "quantity": 1,
      "created_at": "2025-05-12T00:00:00Z",
      "updated_at": "2025-05-12T00:00:00Z"
    }
  },
  {
    "model": "products.orderitem",
    "pk": 6,
    "fields": {
      "order": 3,
      "product": 2,
      "quantity": 3,
      "created_at": "2025-05-12T00:00:00Z",
      "updated_at": "2025-05-12T00:00:00Z"
    }
  },
  {
  "model": "products.vacancy",
  "pk": 1,
  "fields": {
    "title": "Frontend-разработчик",
    "description": "Ищем талантливого frontend-разработчика с опытом работы с React.",
    "published_at": "2025-05-20T10:00:00Z"
  }
  },
  {
  "model": "products.vacancy",
  "pk": 2,
  "fields": {
    "title": "Backend-разработчик",
    "description": "Требуется опытный Python/Django разработчик для работы над крупным проектом.",
    "published_at": "2025-05-22T12:30:00Z"
  }
},
  {
  "model": "products.news",
  "pk": 1,
  "fields": {
    "title": "Открытие нового офиса",
    "content": "Мы рады сообщить об открытии нового офиса в Гродно!",
    "published_at": "2025-05-15T09:00:00Z"
  }
},
{
  "model": "products.news",
  "pk": 2,
  "fields": {
    "title": "Новая линейка продукции",
    "content": "Представляем новую линейку офисной мебели — уже в каталоге.",
    "published_at": "2025-05-20T14:30:00Z"
  }
},
  {
    "model": "products.productcategory",
    "pk": 3,
    "fields": {
      "name": "Шкаф",
      "created_at": "2025-05-11T00:00:00Z",
      "updated_at": "2025-05-11T00:00:00Z"
    }
  },
  {
    "model": "products.productcategory",
    "pk": 4,
    "fields": {
      "name": "Кровать",
      "created_at": "2025-05-11T00:00:00Z",
      "updated_at": "2025-05-11T00:00:00Z"
    }
  },
  {
    "model": "products.productcategory",
    "pk": 5,
    "fields": {
      "name": "Стул",
      "created_at": "2025-05-12T00:00:00Z",
      "updated_at": "2025-05-12T00:00:00Z"
    }
  },
  {
    "model": "products.productcategory",
    "pk": 6,
    "fields": {
      "name": "Тумба",
      "created_at": "2025-05-12T00:00:00Z",
      "updated_at": "2025-05-12T00:00:00Z"
    }
  },
  {
    "model": "products.productcategory",
    "pk": 7,
    "fields": {
      "name": "Полка",
      "created_at": "2025-05-13T00:00:00Z",
      "updated_at": "2025-05-13T00:00:00Z"
    }
  },
  {
    "model": "products.productcategory",
    "pk": 8,
    "fields": {
      "name": "Комод",
      "created_at": "2025-05-13T00:00:00Z",
      "updated_at": "2025-05-13T00:00:00Z"
    }
  },
  {
    "model": "products.productcategory",
    "pk": 9,
    "fields": {
      "name": "Письменный стол",
      "created_at": "2025-05-14T00:00:00Z",
      "updated_at": "2025-05-14T00:00:00Z"
    }
  },
  {
    "model": "products.productcategory",
    "pk": 10,
    "fields": {
      "name": "Диван",
      "created_at": "2025-05-14T00:00:00Z",
      "updated_at": "2025-05-14T00:00:00Z"
    }
  },

  {
    "model": "products.productmodel",
    "pk": 3,
    "fields": {
      "name": "Модель C",
      "created_at": "2025-05-11T00:00:00Z",
      "updated_at": "2025-05-11T00:00:00Z"
    }
  },
  {
    "model": "products.productmodel",
    "pk": 4,
    "fields": {
      "name": "Модель D",
      "created_at": "2025-05-11T00:00:00Z",
      "updated_at": "2025-05-11T00:00:00Z"
    }
  },
  {
    "model": "products.productmodel",
    "pk": 5,
    "fields": {
      "name": "Модель E",
      "created_at": "2025-05-12T00:00:00Z",
      "updated_at": "2025-05-12T00:00:00Z"
    }
  },
  {
    "model": "products.productmodel",
    "pk": 6,
    "fields": {
      "name": "Модель F",
      "created_at": "2025-05-12T00:00:00Z",
      "updated_at": "2025-05-12T00:00:00Z"
    }
  },
  {
    "model": "products.productmodel",
    "pk": 7,
    "fields": {
      "name": "Модель G",
      "created_at": "2025-05-13T00:00:00Z",
      "updated_at": "2025-05-13T00:00:00Z"
    }
  },
  {
    "model": "products.productmodel",
    "pk": 8,
    "fields": {
      "name": "Модель H",
      "created_at": "2025-05-13T00:00:00Z",
      "updated_at": "2025-05-13T00:00:00Z"
    }
  },
  {
    "model": "products.productmodel",
    "pk": 9,
    "fields": {
      "name": "Модель I",
      "created_at": "2025-05-14T00:00:00Z",
      "updated_at": "2025-05-14T00:00:00Z"
    }
  },
  {
    "model": "products.productmodel",
    "pk": 10,
    "fields": {
      "name": "Модель J",
      "created_at": "2025-05-14T00:00:00Z",
      "updated_at": "2025-05-14T00:00:00Z"
    }
  },

  {
    "model": "products.product",
    "pk": 3,
    "fields": {
      "name": "Шкаф-купе",
      "product_code": 3456,
      "category": 3,
      "model": 3,
      "price": "300.00",
      "is_active": true,
      "created_at": "2025-05-11T00:00:00Z",
      "updated_at": "2025-05-11T00:00:00Z"
    }
  },
  {
    "model": "products.product",
    "pk": 4,
    "fields": {
      "name": "Диван угловой",
      "product_code": 4567,
      "category": 10,
      "model": 4,
      "price": "450.00",
      "is_active": true,
      "created_at": "2025-05-12T00:00:00Z",
      "updated_at": "2025-05-12T00:00:00Z"
    }
  },
  {
    "model": "products.product",
    "pk": 5,
    "fields": {
      "name": "Стул офисный",
      "product_code": 5678,
      "category": 5,
      "model": 5,
      "price": "70.00",
      "is_active": true,
      "created_at": "2025-05-12T00:00:00Z",
      "updated_at": "2025-05-12T00:00:00Z"
    }
  },
  {
    "model": "products.product",
    "pk": 6,
    "fields": {
      "name": "Кровать двуспальная",
      "product_code": 6789,
      "category": 4,
      "model": 6,
      "price": "320.00",
      "is_active": true,
      "created_at": "2025-05-13T00:00:00Z",
      "updated_at": "2025-05-13T00:00:00Z"
    }
  },
  {
    "model": "products.product",
    "pk": 7,
    "fields": {
      "name": "Тумба прикроватная",
      "product_code": 7890,
      "category": 6,
      "model": 7,
      "price": "55.00",
      "is_active": true,
      "created_at": "2025-05-13T00:00:00Z",
      "updated_at": "2025-05-13T00:00:00Z"
    }
  },
  {
    "model": "products.product",
    "pk": 8,
    "fields": {
      "name": "Полка настенная",
      "product_code": 8901,
      "category": 7,
      "model": 8,
      "price": "45.00",
      "is_active": true,
      "created_at": "2025-05-14T00:00:00Z",
      "updated_at": "2025-05-14T00:00:00Z"
    }
  },
  {
    "model": "products.product",
    "pk": 9,
    "fields": {
      "name": "Комод классический",
      "product_code": 9012,
      "category": 8,
      "model": 9,
      "price": "120.00",
      "is_active": true,
      "created_at": "2025-05-14T00:00:00Z",
      "updated_at": "2025-05-14T00:00:00Z"
    }
  },
  {
    "model": "products.product",
    "pk": 10,
    "fields": {
      "name": "Письменный стол простой",
      "product_code": 10123,
      "category": 9,
      "model": 10,
      "price": "110.00",
      "is_active": true,
      "created_at": "2025-05-14T00:00:00Z",
      "updated_at": "2025-05-14T00:00:00Z"
    }
  },

  {
    "model": "products.vacancy",
    "pk": 3,
    "fields": {
      "title": "QA инженер",
      "description": "Ищем QA инженера с опытом автоматизации тестирования.",
      "published_at": "2025-05-23T11:00:00Z"
    }
  },
  {
    "model": "products.vacancy",
    "pk": 4,
    "fields": {
      "title": "DevOps инженер",
      "description": "Требуется специалист DevOps для поддержки инфраструктуры.",
      "published_at": "2025-05-24T09:30:00Z"
    }
  },
  {
    "model": "products.vacancy",
    "pk": 5,
    "fields": {
      "title": "Product Owner",
      "description": "Ищем Product Owner для управления проектами.",
      "published_at": "2025-05-25T15:00:00Z"
    }
  },
  {
    "model": "products.vacancy",
    "pk": 6,
    "fields": {
      "title": "UI/UX дизайнер",
      "description": "Требуется дизайнер для улучшения пользовательского интерфейса.",
      "published_at": "2025-05-26T14:00:00Z"
    }
  },
  {
    "model": "products.vacancy",
    "pk": 7,
    "fields": {
      "title": "Аналитик данных",
      "description": "Ищем аналитика данных для анализа бизнес-процессов.",
      "published_at": "2025-05-27T10:00:00Z"
    }
  },
  {
    "model": "products.vacancy",
    "pk": 8,
    "fields": {
      "title": "Системный администратор",
      "description": "Требуется системный администратор для поддержки серверов.",
      "published_at": "2025-05-28T09:00:00Z"
    }
  },
  {
    "model": "products.vacancy",
    "pk": 9,
    "fields": {
      "title": "Бизнес-аналитик",
      "description": "Ищем бизнес-аналитика с опытом работы в IT.",
      "published_at": "2025-05-29T13:00:00Z"
    }
  },
  {
    "model": "products.vacancy",
    "pk": 10,
    "fields": {
      "title": "Маркетолог",
      "description": "Требуется маркетолог для продвижения IT-продуктов.",
      "published_at": "2025-05-30T08:00:00Z"
    }
  },

  {
    "model": "products.news",
    "pk": 3,
    "fields": {
      "title": "Скидки на офисную мебель",
      "content": "Время обновлений: скидки до 50% на офисную мебель — создайте комфортное рабочее пространство по выгодной цене!\n\nРабочее место — это больше, чем просто стол и стул. Это пространство, где рождаются идеи, принимаются важные решения и строится будущее компании. А значит, оно должно быть не только функциональным, но и эстетичным, удобным и вдохновляющим. И сейчас — идеальное время для обновлений!\n\nС начала месяца стартует масштабная распродажа офисной мебели, в рамках которой компании и частные покупатели смогут приобрести стильные, эргономичные и качественные предметы интерьера с выгодой до 50%. В акции участвует широкий ассортимент мебели для офиса:\n\nэргономичные кресла и офисные стулья,\n\nсовременные рабочие и переговорные столы,\n\nвместительные шкафы, тумбы и стеллажи,\n\nприёмные зоны и мебель для переговорных,\n\nакустические панели, стойки ресепшн, офисный декор и многое другое.\n\nВсё — от классических решений до актуальных минималистичных и модульных систем — по сниженным ценам и с возможностью индивидуального подбора под потребности конкретного помещения.\n\nПреимущества предложения:\n\nСкидки до 50% на самые популярные позиции;\n\nБесплатная доставка в пределах города при заказе от определённой суммы;\n\nПрофессиональная сборка и установка;\n\nКонсультации дизайнеров и мебельных экспертов при оформлении крупных заказов;\n\nСпециальные условия для юридических лиц, включая рассрочку и комплексное обустройство офисов \"под ключ\".\n\nНе упустите возможность превратить рабочее пространство в зону продуктивности и комфорта — ведь правильная мебель влияет не только на внешний вид офиса, но и на здоровье сотрудников и эффективность работы.\n\nАкция действует ограниченное время, подробности — на сайте компании и в фирменных салонах. Оформляйте заказы уже сегодня и начните новый рабочий сезон с обновлённым офисом!\n\n",
      "published_at": "2025-05-25T09:00:00Z"
    }
  },
  {
    "model": "products.news",
    "pk": 4,
    "fields": {
      "title": "Расширение ассортимента",
      "content": "Ещё больше выбора для вас: расширение ассортимента — новые товары уже в продаже!\n\nМы постоянно прислушиваемся к вашим пожеланиям и работаем над тем, чтобы покупки становились ещё удобнее, приятнее и полезнее. Именно поэтому мы с радостью объявляем о расширении ассортимента — теперь на наших полках и в онлайн-каталоге появилось ещё больше новых товаров на любой вкус, случай и бюджет!\n\nВ рамках обновления вы найдёте:\n\nПродукты питания от новых и уже полюбившихся брендов, в том числе товары местных фермерских хозяйств;\n\nБытовую химию и товары для дома — экологичные, эффективные и проверенные временем средства;\n\nОфисные и школьные принадлежности, включая актуальные новинки для подготовки к учебному году;\n\nДетские товары, развивающие игры и безопасные аксессуары для самых маленьких;\n\nТовары для хобби, дачи и активного отдыха — всё для комфортного и яркого досуга;\n\nКосметику, парфюмерию и уходовые средства от мировых и локальных брендов.\n\nОсобое внимание уделено качеству: все новые товары прошли проверку, сертифицированы и соответствуют современным стандартам. Мы стремимся сделать ассортимент не только разнообразным, но и максимально полезным и доступным для каждого покупателя.\n\nТакже в честь расширения проводятся специальные акции и скидки на новинки, а постоянные покупатели могут воспользоваться бонусами и промокодами в приложении и на сайте.\n\nМы уверены: каждый найдёт что-то нужное и интересное — для себя, семьи, дома или бизнеса. Следите за новостями, пробуйте новое и наслаждайтесь качеством и выгодой в каждом заказе!",
      "published_at": "2025-05-26T10:00:00Z"
    }
  },
  {
    "model": "products.news",
    "pk": 5,
    "fields": {
      "title": "Партнерство с крупным поставщиком",
      "content": "Новое стратегическое партнёрство: расширяем горизонты вместе с надёжным поставщиком\n\nС радостью сообщаем о важном шаге в развитии нашей компании — мы заключили партнёрское соглашение с одним из крупнейших поставщиков в своей отрасли. Это сотрудничество открывает перед нами и нашими клиентами новые возможности, укрепляет позиции на рынке и выводит качество сервиса на ещё более высокий уровень.\n\nНовый партнёр — это лидер в сфере поставок, известный своей безупречной репутацией, стабильностью и широким ассортиментом продукции. Благодаря этому альянсу мы уже в ближайшее время сможем предложить:\n\nРасширение товарной линейки — больше категорий, брендов и эксклюзивных предложений;\n\nСнижение цен на ряд позиций за счёт прямых поставок без посредников;\n\nПовышение скорости логистики и гарантированную доступность популярных товаров;\n\nСовместные акции, бонусные программы и специальные условия для постоянных клиентов;\n\nГарантированное качество и сертифицированную продукцию напрямую от производителя.\n\nЭто партнёрство основано на взаимном доверии и общих ценностях: ориентации на клиента, прозрачности и стремлении к постоянному развитию. Вместе мы сможем предложить рынку ещё более высокий уровень сервиса и ещё больше выгодных решений.\n\nМы уверены, что это сотрудничество станет важной вехой в нашей истории, а клиенты уже совсем скоро почувствуют реальные преимущества от этого шага.\n\nСледите за новостями, обновлениями ассортимента и специальными предложениями — впереди много интересного!",
      "published_at": "2025-05-27T11:00:00Z"
    }
  },
  {
    "model": "products.news",
    "pk": 6,
    "fields": {
      "title": "Обновление сайта",
      "content": "Обновление сайта: быстрее, удобнее, современнее!\n\nМы рады сообщить, что наш сайт стал ещё лучше! После тщательной проработки дизайна, навигации и функционала мы представляем вам обновлённую версию онлайн-платформы, созданную с заботой о каждом пользователе. Это не просто косметические изменения — это шаг в будущее, который делает ваш опыт ещё более комфортным и эффективным.\n\nЧто нового вас ждёт:\n\nСовременный дизайн — лёгкий, интуитивно понятный и адаптированный под любые устройства: смартфоны, планшеты, ноутбуки;\n\nУпрощённая навигация — найти нужный раздел или товар стало ещё проще благодаря логичной структуре меню и улучшенному поиску;\n\nУскоренная работа сайта — страницы загружаются быстрее, чем когда-либо, даже при высокой нагрузке;\n\nНовые функции личного кабинета — отслеживайте заказы, настраивайте уведомления, сохраняйте избранное и оформляйте покупки в пару кликов;\n\nИнтерактивные элементы — фильтры, рекомендации, сравнение товаров и умные подсказки помогут сделать выбор максимально быстро и удобно;\n\nИнтеграция с соцсетями и мессенджерами — теперь можно авторизоваться, делиться и получать уведомления ещё проще;\n\nУлучшенная доступность — сайт адаптирован для пользователей с особыми потребностями.\n\nКроме того, в ближайшее время планируется запуск новых онлайн-сервисов: чат с консультантом, возможность записаться на онлайн-консультацию, встроенные видеообзоры товаров и обучающие разделы.\n\nМы учли ваши отзывы, провели опросы и собрали лучшие практики — чтобы каждый визит на сайт был не просто визитом, а полноценным и приятным онлайн-опытом.\n\nЗаходите, тестируйте, делитесь впечатлениями — мы продолжаем развиваться и будем благодарны за обратную связь!",
      "published_at": "2025-05-28T12:00:00Z"
    }
  },
  {
    "model": "products.news",
    "pk": 7,
    "fields": {
      "title": "Новый сервис доставки",
      "content": "Новый сервис доставки: быстро, удобно и прямо к вашей двери\n\nОтличные новости для всех, кто ценит комфорт и своё время! В Беларуси запускается новый современный сервис доставки, который обещает изменить представление о том, как просто и приятно получать необходимые товары. Новый игрок на рынке доставки делает ставку на скорость, надёжность и клиентоориентированность — именно то, чего так не хватало в повседневной логистике.\n\nСервис охватывает как крупные города, так и небольшие населённые пункты, предлагая доставку продуктов питания, готовой еды, бытовой химии, лекарств, одежды, техники и даже документов. Благодаря широкому партнёрству с магазинами, аптеками, кафе и супермаркетами, пользователи получают доступ к тысячам товаров в одном приложении — без необходимости переходить с сайта на сайт.\n\nОсобенности нового сервиса:\n\nДоставка от 30 минут в пределах города;\n\nУмный подбор курьеров и маршрутная оптимизация — чтобы товары приезжали максимально быстро;\n\nПростое и удобное мобильное приложение с возможностью отслеживания заказа в реальном времени;\n\nРазные способы оплаты — наличными, картой, через ЕРИП или бонусами;\n\nВежливые и обученные курьеры, готовые помочь с получением заказа.\n\nДля новых пользователей подготовлены приятные бонусы — бесплатная доставка первого заказа, скидки до 20% на определённые категории товаров, а также реферальная программа с подарками за приглашённых друзей.\n\nСервис уже работает в Минске, Бресте, Гомеле, Витебске, Гродно и Могилёве, а в ближайшие месяцы планируется расширение в другие города. Кроме того, в разработке — специальный бизнес-режим, с помощью которого компании смогут организовать доставку документов, обедов и офисных закупок.\n\nПредставители сервиса подчёркивают: «Мы хотим, чтобы доставка в Беларуси стала не просто услугой, а настоящей частью повседневного комфорта. Поэтому мы фокусируемся на качестве, скорости и заботе о каждом клиенте».\n\nСледите за обновлениями на официальном сайте и в мобильном приложении — и уже сегодня вы можете почувствовать, как удобно стало получать нужное — когда и где вам это нужно.",
      "published_at": "2025-05-29T13:00:00Z"
    }
  },
  {
    "model": "products.news",
    "pk": 8,
    "fields": {
      "title": "Обучающие вебинары",
      "content": "Новые обучающие вебинары: прокачай знания, не выходя из дома!\n\nВ современном мире, где время — один из самых ценных ресурсов, обучающие вебинары становятся отличной возможностью получить полезные знания быстро, удобно и эффективно. В этом месяце стартует серия бесплатных и платных онлайн-вебинаров для всех, кто стремится к саморазвитию, профессиональному росту или просто хочет быть в курсе новых трендов и практик.\n\nСлушателей ждут разнообразные темы — от маркетинга и продаж до IT, управления проектами, личной эффективности и финансовой грамотности. Особый акцент будет сделан на практические навыки: спикеры — опытные эксперты, действующие специалисты и приглашённые профессионалы из Беларуси и других стран СНГ — делятся не только теорией, но и личным опытом, кейсами, полезными инструментами.\n\nКаждый вебинар — это:\n\nЖивое общение с лектором и возможность задать свои вопросы в прямом эфире;\n\nДоступ к материалам после эфира: записи, чек-листы, презентации;\n\nСертификаты участия, которые можно использовать в портфолио или при трудоустройстве;\n\nВозможность нетворкинга: познакомьтесь с участниками из других городов и компаний.\n\nОсобенно актуальной будет серия вебинаров для начинающих предпринимателей и специалистов, желающих сменить профессию — здесь расскажут, с чего начать, где искать клиентов, как строить карьеру в digital-среде и какие инструменты использовать уже сейчас.\n\nВебинары проводятся на удобной онлайн-платформе, участие доступно с любого устройства. Зарегистрироваться можно заранее на официальной странице проекта — количество мест на некоторые вебинары ограничено.\n\nОбразование — ключ к успеху, и сейчас, как никогда, оно стало доступным для каждого. Присоединяйтесь к серии обучающих вебинаров и делайте шаг навстречу новым возможностям!",
      "published_at": "2025-05-30T14:00:00Z"
    }
  },
  {
    "model": "products.news",
    "pk": 9,
    "fields": {
      "title": "Новые магазины в регионах",
      "content": "Расширение с заботой о покупателях: в регионах открываются новые магазины с современным сервисом и выгодными предложениями\n\nСеть магазинов продолжает своё активное развитие по всей Беларуси — в рамках масштабной программы расширения торговой инфраструктуры в разных регионах страны открываются новые современные торговые объекты. Это не просто очередные точки продаж — это шаг к более удобной, доступной и качественной розничной торговле для жителей малых и средних населённых пунктов.\n\nНа этой неделе свои двери для покупателей распахнули новые магазины в Витебской, Брестской, Могилёвской и Гродненской областях. Просторные залы, современное оборудование, улучшенное зонирование товаров, а также расширенный ассортимент продукции — от свежих овощей и фруктов до товаров первой необходимости и бытовой техники. Всё это сделано с учётом потребностей местных жителей и последних стандартов в сфере ритейла.\n\nКаждое открытие сопровождается праздничной программой и специальными предложениями: скидки до 40% на популярные категории товаров, подарки первым покупателям, дегустации продукции местных производителей, а также развлекательные активности для всей семьи. Кроме того, во многих новых точках запущены зоны с товарами собственного производства, кофейные уголки и мини-пекарни.\n\nОткрытие новых магазинов — это также вклад в развитие региональной экономики. В каждом магазине создаются новые рабочие места, устанавливаются партнёрские связи с местными поставщиками и фермерскими хозяйствами. Это даёт возможность жителям сёл и небольших городов получать качественные товары по доступным ценам, не выезжая в областные центры.\n\nПредставители компании отмечают: «Мы стремимся быть ближе к нашим покупателям. Неважно, живёте ли вы в столице или в небольшом районном центре — у вас должно быть право на качественный сервис, широкий выбор и честные цены».\n\nСледите за обновлениями на официальном сайте компании и в социальных сетях, чтобы не пропустить открытие нового магазина в вашем регионе. Вместе — строим современную, удобную и заботливую торговлю по всей стране!\n\n",
      "published_at": "2025-05-31T15:00:00Z"
    }
  },
  {
    "model": "products.news",
    "pk": 10,
    "fields": {
      "title": "Акция ко Дню города",
      "content": "В честь Дня города Минска, который традиционно отмечается в первые выходные сентября, в столице развернулась масштабная праздничная программа. Помимо культурных мероприятий, концертов и фестивалей, сотни магазинов, кафе, ресторанов, торговых центров и сервисных компаний подготовили для минчан и гостей города особые акции, скидки и подарки.\n\nВ течение нескольких дней — с пятницы по воскресенье — жители столицы смогут воспользоваться выгодными предложениями: скидки до 50% на товары белорусских производителей, специальные праздничные меню в ресторанах, бесплатные экскурсии по историческим местам города, а также бонусы и подарки при покупке в крупнейших торговых сетях. Участие в акциях принимают такие известные бренды, как «Белмаркет», «5 элемент», «Mark Formelle», «Svitanak», а также множество локальных дизайнеров и ремесленников.\n\nСреди ярких мероприятий – городская ярмарка на проспекте Победителей, где можно приобрести продукцию народных мастеров, фермерские деликатесы и эксклюзивные сувениры с символикой Минска. Не обойдётся и без развлекательной программы для всей семьи: концерты, уличные театры, мастер-классы, а также анимационные зоны для детей.\n\nКроме того, многие транспортные и туристические компании запустили праздничные предложения: бесплатный проезд на некоторых маршрутах, скидки на аренду электросамокатов и велопрокат, а также специальные экскурсионные туры с гидом.\n\nОрганизаторы подчёркивают, что главная цель акций — подарить радость, ощущение единства и гордости за свой город, а также поддержать отечественного производителя и локальный бизнес. Вся информация о проводимых акциях доступна на официальном сайте Мингорисполкома, а также в социальных сетях городских сервисов.\n\nМинск в эти дни преображается, и каждый житель может почувствовать себя частью большого и красивого праздника. Не упустите шанс поучаствовать в торжествах и воспользоваться праздничными предложениями!",
      "published_at": "2025-06-01T09:00:00Z"
    }
  },
  {
    "model": "products.promocode",
    "pk": 1,
    "fields": {
      "code": "PROMO10",
      "description": "Скидка 10% на первый заказ",
      "discount_percent": 10,
      "valid_from": "2025-01-01",
      "valid_to": "2025-12-31",
      "is_active": true
    }
  },
  {
    "model": "products.promocode",
    "pk": 2,
    "fields": {
      "code": "SUMMER20",
      "description": "Летняя скидка 20%",
      "discount_percent": 20,
      "valid_from": "2025-06-01",
      "valid_to": "2025-08-31",
      "is_active": true
    }
  },
  {
    "model": "products.promocode",
    "pk": 3,
    "fields": {
      "code": "WINTER15",
      "description": "Зимняя скидка 15%",
      "discount_percent": 15,
      "valid_from": "2025-12-01",
      "valid_to": "2026-02-28",
      "is_active": true
    }
  },
  {
    "model": "products.promocode",
    "pk": 4,
    "fields": {
      "code": "NEWYEAR25",
      "description": "Новогодняя скидка 25%",
      "discount_percent": 25,
      "valid_from": "2025-12-25",
      "valid_to": "2026-01-05",
      "is_active": true
    }
  },
  {
    "model": "products.promocode",
    "pk": 5,
    "fields": {
      "code": "BLACKFRIDAY30",
      "description": "Скидка 30% в Черную пятницу",
      "discount_percent": 30,
      "valid_from": "2025-11-27",
      "valid_to": "2025-11-27",
      "is_active": true
    }
  },
  {
    "model": "products.promocode",
    "pk": 6,
    "fields": {
      "code": "FREESHIP",
      "description": "Бесплатная доставка",
      "discount_percent": 0,
      "valid_from": "2025-01-01",
      "valid_to": "2025-12-31",
      "is_active": true
    }
  },
  {
    "model": "products.promocode",
    "pk": 7,
    "fields": {
      "code": "SPRING15",
      "description": "Весенняя скидка 15%",
      "discount_percent": 15,
      "valid_from": "2025-03-01",
      "valid_to": "2025-05-31",
      "is_active": true
    }
  },
  {
    "model": "products.promocode",
    "pk": 8,
    "fields": {
      "code": "VIP50",
      "description": "Скидка 50% для VIP клиентов",
      "discount_percent": 50,
      "valid_from": "2025-01-01",
      "valid_to": "2025-12-31",
      "is_active": false
    }
  },
  {
    "model": "products.promocode",
    "pk": 9,
    "fields": {
      "code": "WELCOME5",
      "description": "Скидка 5% на приветствие",
      "discount_percent": 5,
      "valid_from": "2025-01-01",
      "valid_to": "2025-12-31",
      "is_active": true
    }
  },
  {
    "model": "products.promocode",
    "pk": 10,
    "fields": {
      "code": "FLASHSALE40",
      "description": "Молниеносная скидка 40%",
      "discount_percent": 40,
      "valid_from": "2025-04-15",
      "valid_to": "2025-04-20",
      "is_active": true
    }
  },
  {
    "model": "products.faq",
    "pk": 1,
    "fields": {
      "question": "Как оформить заказ?",
      "answer": "Добавьте товар в корзину, затем перейдите к оформлению заказа и следуйте инструкциям.",
      "created_at": "2025-04-15"
    }
  },
  {
    "model": "products.faq",
    "pk": 2,
    "fields": {
      "question": "Какие способы оплаты вы принимаете?",
      "answer": "Мы принимаем оплату картами Visa, MasterCard, а также через PayPal и банковский перевод.",
      "created_at": "2025-04-15"
    }
  },
  {
    "model": "products.faq",
    "pk": 3,
    "fields": {
      "question": "Как отследить мой заказ?",
      "answer": "После отправки заказа вы получите письмо с трек-номером для отслеживания.",
      "created_at": "2025-04-15"
    }
  },
  {
    "model": "products.faq",
    "pk": 4,
    "fields": {
      "question": "Можно ли вернуть товар?",
      "answer": "Да, вы можете вернуть товар в течение 14 дней с момента получения при сохранении товарного вида.",
      "created_at": "2025-04-15"
    }
  },
  {
    "model": "products.faq",
    "pk": 5,
    "fields": {
      "question": "Есть ли доставка в регионы?",
      "answer": "Да, мы осуществляем доставку по всей стране, включая удалённые регионы.",
      "created_at": "2025-04-15"
    }
  },
  {
    "model": "products.faq",
    "pk": 6,
    "fields": {
      "question": "Как связаться с поддержкой?",
      "answer": "Вы можете написать нам на email support@example.com или воспользоваться формой обратной связи на сайте.",
      "created_at": "2025-04-15"
    }
  }
]
