[
{
    "model": "auth.permission",
    "pk": 1,
    "fields": {
        "name": "Can add log entry",
        "content_type": 1,
        "codename": "add_logentry"
    }
},
{
    "model": "auth.permission",
    "pk": 2,
    "fields": {
        "name": "Can change log entry",
        "content_type": 1,
        "codename": "change_logentry"
    }
},
{
    "model": "auth.permission",
    "pk": 3,
    "fields": {
        "name": "Can delete log entry",
        "content_type": 1,
        "codename": "delete_logentry"
    }
},
{
    "model": "auth.permission",
    "pk": 4,
    "fields": {
        "name": "Can view log entry",
        "content_type": 1,
        "codename": "view_logentry"
    }
},
{
    "model": "auth.permission",
    "pk": 5,
    "fields": {
        "name": "Can add permission",
        "content_type": 2,
        "codename": "add_permission"
    }
},
{
    "model": "auth.permission",
    "pk": 6,
    "fields": {
        "name": "Can change permission",
        "content_type": 2,
        "codename": "change_permission"
    }
},
{
    "model": "auth.permission",
    "pk": 7,
    "fields": {
        "name": "Can delete permission",
        "content_type": 2,
        "codename": "delete_permission"
    }
},
{
    "model": "auth.permission",
    "pk": 8,
    "fields": {
        "name": "Can view permission",
        "content_type": 2,
        "codename": "view_permission"
    }
},
{
    "model": "auth.permission",
    "pk": 9,
    "fields": {
        "name": "Can add group",
        "content_type": 3,
        "codename": "add_group"
    }
},
{
    "model": "auth.permission",
    "pk": 10,
    "fields": {
        "name": "Can change group",
        "content_type": 3,
        "codename": "change_group"
    }
},
{
    "model": "auth.permission",
    "pk": 11,
    "fields": {
        "name": "Can delete group",
        "content_type": 3,
        "codename": "delete_group"
    }
},
{
    "model": "auth.permission",
    "pk": 12,
    "fields": {
        "name": "Can view group",
        "content_type": 3,
        "codename": "view_group"
    }
},
{
    "model": "auth.permission",
    "pk": 13,
    "fields": {
        "name": "Can add user",
        "content_type": 4,
        "codename": "add_user"
    }
},
{
    "model": "auth.permission",
    "pk": 14,
    "fields": {
        "name": "Can change user",
        "content_type": 4,
        "codename": "change_user"
    }
},
{
    "model": "auth.permission",
    "pk": 15,
    "fields": {
        "name": "Can delete user",
        "content_type": 4,
        "codename": "delete_user"
    }
},
{
    "model": "auth.permission",
    "pk": 16,
    "fields": {
        "name": "Can view user",
        "content_type": 4,
        "codename": "view_user"
    }
},
{
    "model": "auth.permission",
    "pk": 17,
    "fields": {
        "name": "Can add content type",
        "content_type": 5,
        "codename": "add_contenttype"
    }
},
{
    "model": "auth.permission",
    "pk": 18,
    "fields": {
        "name": "Can change content type",
        "content_type": 5,
        "codename": "change_contenttype"
    }
},
{
    "model": "auth.permission",
    "pk": 19,
    "fields": {
        "name": "Can delete content type",
        "content_type": 5,
        "codename": "delete_contenttype"
    }
},
{
    "model": "auth.permission",
    "pk": 20,
    "fields": {
        "name": "Can view content type",
        "content_type": 5,
        "codename": "view_contenttype"
    }
},
{
    "model": "auth.permission",
    "pk": 21,
    "fields": {
        "name": "Can add session",
        "content_type": 6,
        "codename": "add_session"
    }
},
{
    "model": "auth.permission",
    "pk": 22,
    "fields": {
        "name": "Can change session",
        "content_type": 6,
        "codename": "change_session"
    }
},
{
    "model": "auth.permission",
    "pk": 23,
    "fields": {
        "name": "Can delete session",
        "content_type": 6,
        "codename": "delete_session"
    }
},
{
    "model": "auth.permission",
    "pk": 24,
    "fields": {
        "name": "Can view session",
        "content_type": 6,
        "codename": "view_session"
    }
},
{
    "model": "auth.permission",
    "pk": 25,
    "fields": {
        "name": "Can add test model",
        "content_type": 7,
        "codename": "add_testmodel"
    }
},
{
    "model": "auth.permission",
    "pk": 26,
    "fields": {
        "name": "Can change test model",
        "content_type": 7,
        "codename": "change_testmodel"
    }
},
{
    "model": "auth.permission",
    "pk": 27,
    "fields": {
        "name": "Can delete test model",
        "content_type": 7,
        "codename": "delete_testmodel"
    }
},
{
    "model": "auth.permission",
    "pk": 28,
    "fields": {
        "name": "Can view test model",
        "content_type": 7,
        "codename": "view_testmodel"
    }
},
{
    "model": "auth.permission",
    "pk": 29,
    "fields": {
        "name": "Can add task result",
        "content_type": 8,
        "codename": "add_taskresult"
    }
},
{
    "model": "auth.permission",
    "pk": 30,
    "fields": {
        "name": "Can change task result",
        "content_type": 8,
        "codename": "change_taskresult"
    }
},
{
    "model": "auth.permission",
    "pk": 31,
    "fields": {
        "name": "Can delete task result",
        "content_type": 8,
        "codename": "delete_taskresult"
    }
},
{
    "model": "auth.permission",
    "pk": 32,
    "fields": {
        "name": "Can view task result",
        "content_type": 8,
        "codename": "view_taskresult"
    }
},
{
    "model": "auth.permission",
    "pk": 33,
    "fields": {
        "name": "Can add chord counter",
        "content_type": 9,
        "codename": "add_chordcounter"
    }
},
{
    "model": "auth.permission",
    "pk": 34,
    "fields": {
        "name": "Can change chord counter",
        "content_type": 9,
        "codename": "change_chordcounter"
    }
},
{
    "model": "auth.permission",
    "pk": 35,
    "fields": {
        "name": "Can delete chord counter",
        "content_type": 9,
        "codename": "delete_chordcounter"
    }
},
{
    "model": "auth.permission",
    "pk": 36,
    "fields": {
        "name": "Can view chord counter",
        "content_type": 9,
        "codename": "view_chordcounter"
    }
},
{
    "model": "auth.permission",
    "pk": 37,
    "fields": {
        "name": "Can add group result",
        "content_type": 10,
        "codename": "add_groupresult"
    }
},
{
    "model": "auth.permission",
    "pk": 38,
    "fields": {
        "name": "Can change group result",
        "content_type": 10,
        "codename": "change_groupresult"
    }
},
{
    "model": "auth.permission",
    "pk": 39,
    "fields": {
        "name": "Can delete group result",
        "content_type": 10,
        "codename": "delete_groupresult"
    }
},
{
    "model": "auth.permission",
    "pk": 40,
    "fields": {
        "name": "Can view group result",
        "content_type": 10,
        "codename": "view_groupresult"
    }
},
{
    "model": "auth.permission",
    "pk": 41,
    "fields": {
        "name": "Can add crontab",
        "content_type": 11,
        "codename": "add_crontabschedule"
    }
},
{
    "model": "auth.permission",
    "pk": 42,
    "fields": {
        "name": "Can change crontab",
        "content_type": 11,
        "codename": "change_crontabschedule"
    }
},
{
    "model": "auth.permission",
    "pk": 43,
    "fields": {
        "name": "Can delete crontab",
        "content_type": 11,
        "codename": "delete_crontabschedule"
    }
},
{
    "model": "auth.permission",
    "pk": 44,
    "fields": {
        "name": "Can view crontab",
        "content_type": 11,
        "codename": "view_crontabschedule"
    }
},
{
    "model": "auth.permission",
    "pk": 45,
    "fields": {
        "name": "Can add interval",
        "content_type": 12,
        "codename": "add_intervalschedule"
    }
},
{
    "model": "auth.permission",
    "pk": 46,
    "fields": {
        "name": "Can change interval",
        "content_type": 12,
        "codename": "change_intervalschedule"
    }
},
{
    "model": "auth.permission",
    "pk": 47,
    "fields": {
        "name": "Can delete interval",
        "content_type": 12,
        "codename": "delete_intervalschedule"
    }
},
{
    "model": "auth.permission",
    "pk": 48,
    "fields": {
        "name": "Can view interval",
        "content_type": 12,
        "codename": "view_intervalschedule"
    }
},
{
    "model": "auth.permission",
    "pk": 49,
    "fields": {
        "name": "Can add periodic task",
        "content_type": 13,
        "codename": "add_periodictask"
    }
},
{
    "model": "auth.permission",
    "pk": 50,
    "fields": {
        "name": "Can change periodic task",
        "content_type": 13,
        "codename": "change_periodictask"
    }
},
{
    "model": "auth.permission",
    "pk": 51,
    "fields": {
        "name": "Can delete periodic task",
        "content_type": 13,
        "codename": "delete_periodictask"
    }
},
{
    "model": "auth.permission",
    "pk": 52,
    "fields": {
        "name": "Can view periodic task",
        "content_type": 13,
        "codename": "view_periodictask"
    }
},
{
    "model": "auth.permission",
    "pk": 53,
    "fields": {
        "name": "Can add periodic task track",
        "content_type": 14,
        "codename": "add_periodictasks"
    }
},
{
    "model": "auth.permission",
    "pk": 54,
    "fields": {
        "name": "Can change periodic task track",
        "content_type": 14,
        "codename": "change_periodictasks"
    }
},
{
    "model": "auth.permission",
    "pk": 55,
    "fields": {
        "name": "Can delete periodic task track",
        "content_type": 14,
        "codename": "delete_periodictasks"
    }
},
{
    "model": "auth.permission",
    "pk": 56,
    "fields": {
        "name": "Can view periodic task track",
        "content_type": 14,
        "codename": "view_periodictasks"
    }
},
{
    "model": "auth.permission",
    "pk": 57,
    "fields": {
        "name": "Can add solar event",
        "content_type": 15,
        "codename": "add_solarschedule"
    }
},
{
    "model": "auth.permission",
    "pk": 58,
    "fields": {
        "name": "Can change solar event",
        "content_type": 15,
        "codename": "change_solarschedule"
    }
},
{
    "model": "auth.permission",
    "pk": 59,
    "fields": {
        "name": "Can delete solar event",
        "content_type": 15,
        "codename": "delete_solarschedule"
    }
},
{
    "model": "auth.permission",
    "pk": 60,
    "fields": {
        "name": "Can view solar event",
        "content_type": 15,
        "codename": "view_solarschedule"
    }
},
{
    "model": "auth.permission",
    "pk": 61,
    "fields": {
        "name": "Can add clocked",
        "content_type": 16,
        "codename": "add_clockedschedule"
    }
},
{
    "model": "auth.permission",
    "pk": 62,
    "fields": {
        "name": "Can change clocked",
        "content_type": 16,
        "codename": "change_clockedschedule"
    }
},
{
    "model": "auth.permission",
    "pk": 63,
    "fields": {
        "name": "Can delete clocked",
        "content_type": 16,
        "codename": "delete_clockedschedule"
    }
},
{
    "model": "auth.permission",
    "pk": 64,
    "fields": {
        "name": "Can view clocked",
        "content_type": 16,
        "codename": "view_clockedschedule"
    }
},
{
    "model": "auth.permission",
    "pk": 65,
    "fields": {
        "name": "Can add access rights",
        "content_type": 17,
        "codename": "add_accessrights"
    }
},
{
    "model": "auth.permission",
    "pk": 66,
    "fields": {
        "name": "Can change access rights",
        "content_type": 17,
        "codename": "change_accessrights"
    }
},
{
    "model": "auth.permission",
    "pk": 67,
    "fields": {
        "name": "Can delete access rights",
        "content_type": 17,
        "codename": "delete_accessrights"
    }
},
{
    "model": "auth.permission",
    "pk": 68,
    "fields": {
        "name": "Can view access rights",
        "content_type": 17,
        "codename": "view_accessrights"
    }
},
{
    "model": "auth.permission",
    "pk": 69,
    "fields": {
        "name": "Can add project",
        "content_type": 18,
        "codename": "add_project"
    }
},
{
    "model": "auth.permission",
    "pk": 70,
    "fields": {
        "name": "Can change project",
        "content_type": 18,
        "codename": "change_project"
    }
},
{
    "model": "auth.permission",
    "pk": 71,
    "fields": {
        "name": "Can delete project",
        "content_type": 18,
        "codename": "delete_project"
    }
},
{
    "model": "auth.permission",
    "pk": 72,
    "fields": {
        "name": "Can view project",
        "content_type": 18,
        "codename": "view_project"
    }
},
{
    "model": "auth.permission",
    "pk": 73,
    "fields": {
        "name": "Can add role",
        "content_type": 19,
        "codename": "add_role"
    }
},
{
    "model": "auth.permission",
    "pk": 74,
    "fields": {
        "name": "Can change role",
        "content_type": 19,
        "codename": "change_role"
    }
},
{
    "model": "auth.permission",
    "pk": 75,
    "fields": {
        "name": "Can delete role",
        "content_type": 19,
        "codename": "delete_role"
    }
},
{
    "model": "auth.permission",
    "pk": 76,
    "fields": {
        "name": "Can view role",
        "content_type": 19,
        "codename": "view_role"
    }
},
{
    "model": "auth.permission",
    "pk": 77,
    "fields": {
        "name": "Can add project member",
        "content_type": 20,
        "codename": "add_projectmember"
    }
},
{
    "model": "auth.permission",
    "pk": 78,
    "fields": {
        "name": "Can change project member",
        "content_type": 20,
        "codename": "change_projectmember"
    }
},
{
    "model": "auth.permission",
    "pk": 79,
    "fields": {
        "name": "Can delete project member",
        "content_type": 20,
        "codename": "delete_projectmember"
    }
},
{
    "model": "auth.permission",
    "pk": 80,
    "fields": {
        "name": "Can view project member",
        "content_type": 20,
        "codename": "view_projectmember"
    }
},
{
    "model": "auth.permission",
    "pk": 81,
    "fields": {
        "name": "Can add invite",
        "content_type": 21,
        "codename": "add_invite"
    }
},
{
    "model": "auth.permission",
    "pk": 82,
    "fields": {
        "name": "Can change invite",
        "content_type": 21,
        "codename": "change_invite"
    }
},
{
    "model": "auth.permission",
    "pk": 83,
    "fields": {
        "name": "Can delete invite",
        "content_type": 21,
        "codename": "delete_invite"
    }
},
{
    "model": "auth.permission",
    "pk": 84,
    "fields": {
        "name": "Can view invite",
        "content_type": 21,
        "codename": "view_invite"
    }
},
{
    "model": "auth.permission",
    "pk": 85,
    "fields": {
        "name": "Can add ticket",
        "content_type": 22,
        "codename": "add_ticket"
    }
},
{
    "model": "auth.permission",
    "pk": 86,
    "fields": {
        "name": "Can change ticket",
        "content_type": 22,
        "codename": "change_ticket"
    }
},
{
    "model": "auth.permission",
    "pk": 87,
    "fields": {
        "name": "Can delete ticket",
        "content_type": 22,
        "codename": "delete_ticket"
    }
},
{
    "model": "auth.permission",
    "pk": 88,
    "fields": {
        "name": "Can view ticket",
        "content_type": 22,
        "codename": "view_ticket"
    }
},
{
    "model": "auth.permission",
    "pk": 89,
    "fields": {
        "name": "Can add ticket notification",
        "content_type": 23,
        "codename": "add_ticketnotification"
    }
},
{
    "model": "auth.permission",
    "pk": 90,
    "fields": {
        "name": "Can change ticket notification",
        "content_type": 23,
        "codename": "change_ticketnotification"
    }
},
{
    "model": "auth.permission",
    "pk": 91,
    "fields": {
        "name": "Can delete ticket notification",
        "content_type": 23,
        "codename": "delete_ticketnotification"
    }
},
{
    "model": "auth.permission",
    "pk": 92,
    "fields": {
        "name": "Can view ticket notification",
        "content_type": 23,
        "codename": "view_ticketnotification"
    }
},
{
    "model": "contenttypes.contenttype",
    "pk": 1,
    "fields": {
        "app_label": "admin",
        "model": "logentry"
    }
},
{
    "model": "contenttypes.contenttype",
    "pk": 2,
    "fields": {
        "app_label": "auth",
        "model": "permission"
    }
},
{
    "model": "contenttypes.contenttype",
    "pk": 3,
    "fields": {
        "app_label": "auth",
        "model": "group"
    }
},
{
    "model": "contenttypes.contenttype",
    "pk": 4,
    "fields": {
        "app_label": "auth",
        "model": "user"
    }
},
{
    "model": "contenttypes.contenttype",
    "pk": 5,
    "fields": {
        "app_label": "contenttypes",
        "model": "contenttype"
    }
},
{
    "model": "contenttypes.contenttype",
    "pk": 6,
    "fields": {
        "app_label": "sessions",
        "model": "session"
    }
},
{
    "model": "contenttypes.contenttype",
    "pk": 7,
    "fields": {
        "app_label": "db",
        "model": "testmodel"
    }
},
{
    "model": "contenttypes.contenttype",
    "pk": 8,
    "fields": {
        "app_label": "django_celery_results",
        "model": "taskresult"
    }
},
{
    "model": "contenttypes.contenttype",
    "pk": 9,
    "fields": {
        "app_label": "django_celery_results",
        "model": "chordcounter"
    }
},
{
    "model": "contenttypes.contenttype",
    "pk": 10,
    "fields": {
        "app_label": "django_celery_results",
        "model": "groupresult"
    }
},
{
    "model": "contenttypes.contenttype",
    "pk": 11,
    "fields": {
        "app_label": "django_celery_beat",
        "model": "crontabschedule"
    }
},
{
    "model": "contenttypes.contenttype",
    "pk": 12,
    "fields": {
        "app_label": "django_celery_beat",
        "model": "intervalschedule"
    }
},
{
    "model": "contenttypes.contenttype",
    "pk": 13,
    "fields": {
        "app_label": "django_celery_beat",
        "model": "periodictask"
    }
},
{
    "model": "contenttypes.contenttype",
    "pk": 14,
    "fields": {
        "app_label": "django_celery_beat",
        "model": "periodictasks"
    }
},
{
    "model": "contenttypes.contenttype",
    "pk": 15,
    "fields": {
        "app_label": "django_celery_beat",
        "model": "solarschedule"
    }
},
{
    "model": "contenttypes.contenttype",
    "pk": 16,
    "fields": {
        "app_label": "django_celery_beat",
        "model": "clockedschedule"
    }
},
{
    "model": "contenttypes.contenttype",
    "pk": 17,
    "fields": {
        "app_label": "projects",
        "model": "accessrights"
    }
},
{
    "model": "contenttypes.contenttype",
    "pk": 18,
    "fields": {
        "app_label": "projects",
        "model": "project"
    }
},
{
    "model": "contenttypes.contenttype",
    "pk": 19,
    "fields": {
        "app_label": "projects",
        "model": "role"
    }
},
{
    "model": "contenttypes.contenttype",
    "pk": 20,
    "fields": {
        "app_label": "projects",
        "model": "projectmember"
    }
},
{
    "model": "contenttypes.contenttype",
    "pk": 21,
    "fields": {
        "app_label": "projects",
        "model": "invite"
    }
},
{
    "model": "contenttypes.contenttype",
    "pk": 22,
    "fields": {
        "app_label": "tickets",
        "model": "ticket"
    }
},
{
    "model": "contenttypes.contenttype",
    "pk": 23,
    "fields": {
        "app_label": "tickets",
        "model": "ticketnotification"
    }
},
{
    "model": "projects.accessrights",
    "pk": 1,
    "fields": {
        "created_at": "2025-02-20T12:00:00Z",
        "updated_at": "2025-02-20T12:00:00Z",
        "access_right_name": "admin",
        "description": "...",
        "tag": "ADMIN"
    }
},
{
    "model": "projects.accessrights",
    "pk": 2,
    "fields": {
        "created_at": "2025-02-20T12:00:00Z",
        "updated_at": "2025-02-20T12:00:00Z",
        "access_right_name": "viewer",
        "description": "...",
        "tag": "VIEWER"
    }
},
{
    "model": "projects.accessrights",
    "pk": 3,
    "fields": {
        "created_at": "2025-02-20T12:00:00Z",
        "updated_at": "2025-02-20T12:00:00Z",
        "access_right_name": "creator",
        "description": "...",
        "tag": "CREATOR"
    }
},
{
    "model": "projects.accessrights",
    "pk": 4,
    "fields": {
        "created_at": "2025-02-20T12:00:00Z",
        "updated_at": "2025-02-20T12:00:00Z",
        "access_right_name": "editor",
        "description": "...",
        "tag": "EDITOR"
    }
},
{
    "model": "projects.accessrights",
    "pk": 5,
    "fields": {
        "created_at": "2025-02-20T12:00:00Z",
        "updated_at": "2025-02-20T12:00:00Z",
        "access_right_name": "deleter",
        "description": "...",
        "tag": "DELETER"
    }
},
{
    "model": "projects.project",
    "pk": 1,
    "fields": {
        "created_at": "2025-02-14T09:35:27.711Z",
        "updated_at": "2025-02-14T09:35:27.711Z",
        "name": "Test",
        "slug": "test",
        "description": "..."
    }
},
{
    "model": "projects.project",
    "pk": 2,
    "fields": {
        "created_at": "2025-02-14T09:35:31.220Z",
        "updated_at": "2025-02-14T09:35:31.220Z",
        "name": "Tes2",
        "slug": "tes2",
        "description": "..."
    }
},
{
    "model": "projects.project",
    "pk": 3,
    "fields": {
        "created_at": "2025-02-14T09:35:35.322Z",
        "updated_at": "2025-02-14T09:35:35.322Z",
        "name": "3231r2",
        "slug": "3231r2",
        "description": "..."
    }
},
{
    "model": "projects.project",
    "pk": 4,
    "fields": {
        "created_at": "2025-02-14T09:35:40.385Z",
        "updated_at": "2025-02-14T09:35:40.385Z",
        "name": "My Porject",
        "slug": "my-porject",
        "description": "..."
    }
},
{
    "model": "projects.project",
    "pk": 5,
    "fields": {
        "created_at": "2025-02-14T09:35:42.650Z",
        "updated_at": "2025-02-14T09:35:42.650Z",
        "name": "My Porject1",
        "slug": "my-porject1",
        "description": "..."
    }
},
{
    "model": "projects.project",
    "pk": 6,
    "fields": {
        "created_at": "2025-02-14T09:35:43.642Z",
        "updated_at": "2025-02-14T09:35:43.642Z",
        "name": "My Porject3",
        "slug": "my-porject3",
        "description": "..."
    }
},
{
    "model": "projects.project",
    "pk": 7,
    "fields": {
        "created_at": "2025-02-14T09:36:20.628Z",
        "updated_at": "2025-02-14T09:36:20.628Z",
        "name": "My Porject4",
        "slug": "my-porject4",
        "description": "..."
    }
},
{
    "model": "projects.project",
    "pk": 8,
    "fields": {
        "created_at": "2025-02-14T09:36:23.799Z",
        "updated_at": "2025-02-14T09:36:23.799Z",
        "name": "My Porject32r32",
        "slug": "my-porject32r32",
        "description": "..."
    }
},
{
    "model": "projects.project",
    "pk": 9,
    "fields": {
        "created_at": "2025-02-14T09:36:35.923Z",
        "updated_at": "2025-02-14T09:36:35.923Z",
        "name": "ewqjkbf",
        "slug": "ewqjkbf",
        "description": "..."
    }
},
{
    "model": "projects.project",
    "pk": 10,
    "fields": {
        "created_at": "2025-02-14T09:36:39.754Z",
        "updated_at": "2025-02-14T09:36:39.754Z",
        "name": "ewqj",
        "slug": "ewqj",
        "description": "..."
    }
},
{
    "model": "projects.project",
    "pk": 11,
    "fields": {
        "created_at": "2025-02-14T09:37:06.534Z",
        "updated_at": "2025-02-14T09:37:06.534Z",
        "name": "ewqj24",
        "slug": "ewqj24",
        "description": "..."
    }
},
{
    "model": "projects.project",
    "pk": 12,
    "fields": {
        "created_at": "2025-02-14T09:37:48.288Z",
        "updated_at": "2025-02-14T09:37:48.288Z",
        "name": "ewqj24r32",
        "slug": "ewqj24r32",
        "description": "..."
    }
},
{
    "model": "projects.project",
    "pk": 13,
    "fields": {
        "created_at": "2025-02-14T09:39:13.690Z",
        "updated_at": "2025-02-14T09:39:13.690Z",
        "name": "ewqj24r32r32",
        "slug": "ewqj24r32r32",
        "description": "..."
    }
},
{
    "model": "projects.projectmember",
    "pk": 1,
    "fields": {
        "created_at": "2025-02-14T09:35:27.713Z",
        "updated_at": "2025-02-14T09:35:27.713Z",
        "project_id": 1,
        "user_id": 1,
        "email": "test@gmail.com",
        "access_rights": "[\"1\"]"
    }
},
{
    "model": "projects.projectmember",
    "pk": 2,
    "fields": {
        "created_at": "2025-02-14T09:35:31.221Z",
        "updated_at": "2025-02-14T09:35:31.221Z",
        "project_id": 2,
        "user_id": 1,
        "email": "test@gmail.com",
        "access_rights": "[\"1\"]"
    }
},
{
    "model": "projects.projectmember",
    "pk": 3,
    "fields": {
        "created_at": "2025-02-14T09:35:35.323Z",
        "updated_at": "2025-02-14T09:35:35.323Z",
        "project_id": 3,
        "user_id": 1,
        "email": "test@gmail.com",
        "access_rights": "[\"1\"]"
    }
},
{
    "model": "projects.projectmember",
    "pk": 4,
    "fields": {
        "created_at": "2025-02-14T09:35:40.386Z",
        "updated_at": "2025-02-14T09:35:40.386Z",
        "project_id": 4,
        "user_id": 1,
        "email": "test@gmail.com",
        "access_rights": "[\"1\"]"
    }
},
{
    "model": "projects.projectmember",
    "pk": 5,
    "fields": {
        "created_at": "2025-02-14T09:35:42.650Z",
        "updated_at": "2025-02-14T09:35:42.650Z",
        "project_id": 5,
        "user_id": 1,
        "email": "test@gmail.com",
        "access_rights": "[\"1\"]"
    }
},
{
    "model": "projects.projectmember",
    "pk": 6,
    "fields": {
        "created_at": "2025-02-14T09:35:43.643Z",
        "updated_at": "2025-02-14T09:35:43.643Z",
        "project_id": 6,
        "user_id": 1,
        "email": "test@gmail.com",
        "access_rights": "[\"1\"]"
    }
},
{
    "model": "projects.projectmember",
    "pk": 7,
    "fields": {
        "created_at": "2025-02-14T09:36:20.630Z",
        "updated_at": "2025-02-14T09:36:20.630Z",
        "project_id": 7,
        "user_id": 2,
        "email": "test2@gmail.com",
        "access_rights": "[\"2\", \"3\"]"
    }
},
{
    "model": "projects.projectmember",
    "pk": 8,
    "fields": {
        "created_at": "2025-02-14T09:36:23.800Z",
        "updated_at": "2025-02-14T09:36:23.800Z",
        "project_id": 8,
        "user_id": 2,
        "email": "test2@gmail.com",
        "access_rights": "[\"2\", \"3\"]"
    }
},
{
    "model": "projects.projectmember",
    "pk": 9,
    "fields": {
        "created_at": "2025-02-14T09:36:35.924Z",
        "updated_at": "2025-02-14T09:36:35.924Z",
        "project_id": 9,
        "user_id": 2,
        "email": "test2@gmail.com",
        "access_rights": "[\"2\", \"3\"]"
    }
},
{
    "model": "projects.projectmember",
    "pk": 10,
    "fields": {
        "created_at": "2025-02-14T09:36:39.754Z",
        "updated_at": "2025-02-14T09:36:39.754Z",
        "project_id": 10,
        "user_id": 2,
        "email": "test2@gmail.com",
        "access_rights": "[\"2\", \"3\"]"
    }
},
{
    "model": "projects.projectmember",
    "pk": 11,
    "fields": {
        "created_at": "2025-02-14T09:37:06.535Z",
        "updated_at": "2025-02-14T09:37:06.535Z",
        "project_id": 11,
        "user_id": 3,
        "email": "test3@gmail.com",
        "access_rights": "[\"2\", \"4\"]"
    }
},
{
    "model": "projects.projectmember",
    "pk": 12,
    "fields": {
        "created_at": "2025-02-14T09:37:48.288Z",
        "updated_at": "2025-02-14T09:37:48.288Z",
        "project_id": 12,
        "user_id": 3,
        "email": "test3@gmail.com",
        "access_rights": "[\"2\", \"4\"]"
    }
},
{
    "model": "projects.projectmember",
    "pk": 13,
    "fields": {
        "created_at": "2025-02-14T09:39:13.691Z",
        "updated_at": "2025-02-14T09:39:13.691Z",
        "project_id": 13,
        "user_id": 1,
        "email": "test@gmail.com",
        "access_rights": "[\"1\", \"2\", \"3\", \"4\", \"5\"]"
    }
},
{
    "model": "projects.role",
    "pk": 1,
    "fields": {
        "created_at": "2025-02-20T12:00:00Z",
        "updated_at": "2025-02-20T12:00:00Z",
        "role_name": "admin",
        "description": "...",
        "access_rights": "[\"1\", \"2\", \"3\", \"4\", \"5\"]",
        "user_id": 1
    }
},
{
    "model": "projects.role",
    "pk": 2,
    "fields": {
        "created_at": "2025-02-20T12:00:00Z",
        "updated_at": "2025-02-20T12:00:00Z",
        "role_name": "creator",
        "description": "...",
        "access_rights": "[\"2\", \"3\"]",
        "user_id": 2
    }
},
{
    "model": "projects.role",
    "pk": 3,
    "fields": {
        "created_at": "2025-02-20T12:00:00Z",
        "updated_at": "2025-02-20T12:00:00Z",
        "role_name": "editor",
        "description": "...",
        "access_rights": "[\"2\", \"4\"]",
        "user_id": 3
    }
},
{
    "model": "projects.role",
    "pk": 4,
    "fields": {
        "created_at": "2025-02-20T12:00:00Z",
        "updated_at": "2025-02-20T12:00:00Z",
        "role_name": "deleter",
        "description": "...",
        "access_rights": "[\"2\", \"5\"]",
        "user_id": 4
    }
},
{
    "model": "tickets.ticket",
    "pk": 1,
    "fields": {
        "created_at": "2025-02-14T09:39:49.290Z",
        "updated_at": "2025-02-14T09:39:49.290Z",
        "title": "ацдлутадцацацц",
        "description": ".....",
        "status": "TODO",
        "project": 10,
        "creator": "test@gmail.com",
        "assignee_ids": "[]",
        "ticket_notifications": false,
        "due_date": "2025-02-19T12:06:04.367Z"
    }
},
{
    "model": "tickets.ticket",
    "pk": 2,
    "fields": {
        "created_at": "2025-02-14T09:39:55.955Z",
        "updated_at": "2025-02-14T09:39:55.956Z",
        "title": "аreqgerqger",
        "description": ".....",
        "status": "TODO",
        "project": 10,
        "creator": "test@gmail.com",
        "assignee_ids": "[]",
        "ticket_notifications": false,
        "due_date": "2025-02-19T12:06:04.367Z"
    }
},
{
    "model": "tickets.ticket",
    "pk": 3,
    "fields": {
        "created_at": "2025-02-14T09:40:00.888Z",
        "updated_at": "2025-02-14T09:40:00.888Z",
        "title": "аref32wf",
        "description": ".....",
        "status": "TODO",
        "project": 10,
        "creator": "test@gmail.com",
        "assignee_ids": "[]",
        "ticket_notifications": false,
        "due_date": "2025-02-19T12:06:04.367Z"
    }
},
{
    "model": "tickets.ticket",
    "pk": 4,
    "fields": {
        "created_at": "2025-02-14T09:40:03.946Z",
        "updated_at": "2025-02-14T09:40:03.946Z",
        "title": "аwefbhwjhf",
        "description": ".....",
        "status": "TODO",
        "project": 10,
        "creator": "test@gmail.com",
        "assignee_ids": "[]",
        "ticket_notifications": false,
        "due_date": "2025-02-19T12:06:04.367Z"
    }
},
{
    "model": "tickets.ticket",
    "pk": 5,
    "fields": {
        "created_at": "2025-02-14T09:40:06.691Z",
        "updated_at": "2025-02-14T09:40:06.691Z",
        "title": "ewnjkf",
        "description": ".....",
        "status": "IN_PROGRESS",
        "project": 10,
        "creator": "test@gmail.com",
        "assignee_ids": "[]",
        "ticket_notifications": false,
        "due_date": "2025-02-19T12:06:04.367Z"
    }
},
{
    "model": "tickets.ticket",
    "pk": 6,
    "fields": {
        "created_at": "2025-02-14T09:40:12.321Z",
        "updated_at": "2025-02-14T09:40:12.321Z",
        "title": "TESTETST",
        "description": ".....",
        "status": "TODO",
        "project": 10,
        "creator": "test@gmail.com",
        "assignee_ids": "[]",
        "ticket_notifications": false,
        "due_date": "2025-02-19T12:06:04.367Z"
    }
},
{
    "model": "tickets.ticket",
    "pk": 7,
    "fields": {
        "created_at": "2025-02-14T09:40:16.029Z",
        "updated_at": "2025-02-14T09:40:16.029Z",
        "title": "qew",
        "description": ".....",
        "status": "TODO",
        "project": 10,
        "creator": "test@gmail.com",
        "assignee_ids": "[]",
        "ticket_notifications": false,
        "due_date": "2025-02-19T12:06:04.367Z"
    }
},
{
    "model": "tickets.ticket",
    "pk": 8,
    "fields": {
        "created_at": "2025-02-14T09:40:20.819Z",
        "updated_at": "2025-02-14T09:40:20.819Z",
        "title": "f",
        "description": ".....",
        "status": "TODO",
        "project": 10,
        "creator": "test@gmail.com",
        "assignee_ids": "[]",
        "ticket_notifications": false,
        "due_date": "2025-02-19T12:06:04.367Z"
    }
}
]
